,rank,상품명,원가,판매가,이미지,상품링크,할인율
0,114,[릴리푸리]여아의류/봄신상/릴리푸리/원피스/레깅스/치렝스,33000,9900,http://image.gmarket.co.kr/challenge/neo_image/no_image.gif,http://item2.gmarket.co.kr/Item/DetailView/Item.aspx?goodscode=746916620,70.0
1,28,[젤리스푼]아동복/봄신상오픈/상하복/티셔츠/레깅스/팬츠/점퍼,43000,12900,http://image.gmarket.co.kr/challenge/neo_image/no_image.gif,http://item2.gmarket.co.kr/Item/DetailView/Item.aspx?goodscode=399488337,70.0
2,55,[머스트비]케네스콜/YK038/바닐라비 단독기획 트렌치/자켓/야상,133000,39900,http://image.gmarket.co.kr/challenge/neo_image/no_image.gif,http://item2.gmarket.co.kr/Item/DetailView/Item.aspx?goodscode=1262006305,70.0
3,3,삠뽀요/봄신상 원피스9900원 베이비 우주복 돌복,33000,9900,http://gdimg.gmarket.co.kr/900637906/still/300,http://item2.gmarket.co.kr/Item/DetailView/Item.aspx?goodscode=900637906,70.0
4,41,[팬콧키즈]팬콧 도티잠뜰 신학기 봄 실내화 슬리퍼,23000,6900,http://image.gmarket.co.kr/challenge/neo_image/no_image.gif,http://item2.gmarket.co.kr/Item/DetailView/Item.aspx?goodscode=856094381,70.0
5,54,(키즈꼬모) 봄 상하복 6900 / 아동복 / 등원복,23000,6900,http://image.gmarket.co.kr/challenge/neo_image/no_image.gif,http://item2.gmarket.co.kr/Item/DetailView/Item.aspx?goodscode=1232338881,70.0
6,173,[디즈니]디즈니 아동 캐릭터 실내화 슬리퍼 학생 덧신 샌들,23000,6900,http://image.gmarket.co.kr/challenge/neo_image/no_image.gif,http://item2.gmarket.co.kr/Item/DetailView/Item.aspx?goodscode=225612324,70.0
7,121,더구두 워커/펌프스/플랫/스니커즈 다있다 초특가에,33000,9900,http://image.gmarket.co.kr/challenge/neo_image/no_image.gif,http://item2.gmarket.co.kr/Item/DetailView/Item.aspx?goodscode=596049473,70.0
8,84,크록스키즈 연휴특가 50종택1 (G180217),53000,15900,http://image.gmarket.co.kr/challenge/neo_image/no_image.gif,http://item2.gmarket.co.kr/Item/DetailView/Item.aspx?goodscode=753773769,70.0
9,90,[앤디애플]봄오픈/아동복/티셔츠/원피스/레깅스/신학기/상하복,33000,9900,http://image.gmarket.co.kr/challenge/neo_image/no_image.gif,http://item2.gmarket.co.kr/Item/DetailView/Item.aspx?goodscode=301110076,70.0
10,129,쁘띠뮤/신학기 아동정장 원피스 레깅스 트레이닝,33000,9900,http://image.gmarket.co.kr/challenge/neo_image/no_image.gif,http://item2.gmarket.co.kr/Item/DetailView/Item.aspx?goodscode=946176130,70.0
11,21,제이나나 20% 쿠폰 전옵션 1+1 봄신상 스카프/트윌리,33300,10000,http://image.gmarket.co.kr/challenge/neo_image/no_image.gif,http://item2.gmarket.co.kr/Item/DetailView/Item.aspx?goodscode=734522645,69.97
12,189,[비너스]비비안외빅사이즈브라팬티A-F컵/여성속옷세트/여자,39600,11900,http://image.gmarket.co.kr/challenge/neo_image/no_image.gif,http://item2.gmarket.co.kr/Item/DetailView/Item.aspx?goodscode=565867871,69.95
13,166,[비비안]비너스외 빅사이즈브라팬티세트/A-F컵/여성속옷,39600,11900,http://image.gmarket.co.kr/challenge/neo_image/no_image.gif,http://item2.gmarket.co.kr/Item/DetailView/Item.aspx?goodscode=581785464,69.95
14,19,[디프니]20%쿠폰 디프니 봄신상~롱티셔츠/맨투맨,42900,12900,http://image.gmarket.co.kr/challenge/neo_image/no_image.gif,http://item2.gmarket.co.kr/Item/DetailView/Item.aspx?goodscode=189607991,69.93
15,9,[디프니]20%쿠폰 디프니 봄신상~셔츠/블라우스/원피스,42900,12900,http://image.gmarket.co.kr/challenge/neo_image/no_image.gif,http://item2.gmarket.co.kr/Item/DetailView/Item.aspx?goodscode=181478878,69.93
16,80,[빈스걸]봄신상~빅사이즈 XL~99까지 롱박스 원피스 티셔츠,42900,12900,http://image.gmarket.co.kr/challenge/neo_image/no_image.gif,http://item2.gmarket.co.kr/Item/DetailView/Item.aspx?goodscode=485094178,69.93
17,102,제니트 봄신상 가디건/진주가디건/니트코트,32900,9900,http://image.gmarket.co.kr/challenge/neo_image/no_image.gif,http://item2.gmarket.co.kr/Item/DetailView/Item.aspx?goodscode=595619167,69.91
18,147,[닥터아토]알러지케어 세제.유연제 총 5.8L+로션.워시,32900,9900,http://image.gmarket.co.kr/challenge/neo_image/no_image.gif,http://item2.gmarket.co.kr/Item/DetailView/Item.aspx?goodscode=377642934,69.91
19,82,체리온 봄신상 박스 롱티셔츠/라운드/맨투맨/후드,32900,9900,http://image.gmarket.co.kr/challenge/neo_image/no_image.gif,http://item2.gmarket.co.kr/Item/DetailView/Item.aspx?goodscode=628153284,69.91
20,50,[다온샵]봄신상 핵이득 청바지 3XL 여자스키니진/슬랙스/팬츠,32900,9900,http://image.gmarket.co.kr/challenge/neo_image/no_image.gif,http://item2.gmarket.co.kr/Item/DetailView/Item.aspx?goodscode=373058782,69.91
21,141,달리샵/원피스/쉬폰/셔링/프릴/레이스,32900,9900,http://image.gmarket.co.kr/challenge/neo_image/no_image.gif,http://item2.gmarket.co.kr/Item/DetailView/Item.aspx?goodscode=800937441,69.91
22,6,더다다/신상맨투맨/후드/빅사이즈/롱티/원피스/레깅스,32900,9900,http://gdimg.gmarket.co.kr/627247117/still/300,http://item2.gmarket.co.kr/Item/DetailView/Item.aspx?goodscode=627247117,69.91
23,128,스위트바니 봄신상 5900원부터~ 롱티/맨투맨/후드,32900,9900,http://image.gmarket.co.kr/challenge/neo_image/no_image.gif,http://item2.gmarket.co.kr/Item/DetailView/Item.aspx?goodscode=215673140,69.91
24,138,봄신상여자스키니/일자/빅사이즈/배기/블랙진/청바지,32900,9900,http://image.gmarket.co.kr/challenge/neo_image/no_image.gif,http://item2.gmarket.co.kr/Item/DetailView/Item.aspx?goodscode=165003300,69.91
25,185,소녀나라50 봄신상/니트/가디건/스커트/팬츠/티셔츠,19600,5900,http://image.gmarket.co.kr/challenge/neo_image/no_image.gif,http://item2.gmarket.co.kr/Item/DetailView/Item.aspx?goodscode=966699075,69.9
26,148,[비버리힐스폴로클럽]1매3400원/드로즈/사각/팬티/남성/남자/세트/면/속옷,25900,7800,http://image.gmarket.co.kr/challenge/neo_image/no_image.gif,http://item2.gmarket.co.kr/Item/DetailView/Item.aspx?goodscode=166590234,69.88
27,120,로드스타/신상 후리스 플리스자켓 목폴라 빅사이즈,22900,6900,http://image.gmarket.co.kr/challenge/neo_image/no_image.gif,http://item2.gmarket.co.kr/Item/DetailView/Item.aspx?goodscode=940562104,69.87
28,70,무료배송 골지양말/봄양말/페이크삭스/신상양말,12900,3900,http://image.gmarket.co.kr/challenge/neo_image/no_image.gif,http://item2.gmarket.co.kr/Item/DetailView/Item.aspx?goodscode=214762051,69.77
29,169,봄신상/~4XL/빅사이즈레깅스/치마레깅스/와이드/밴딩,19500,5900,http://image.gmarket.co.kr/challenge/neo_image/no_image.gif,http://item2.gmarket.co.kr/Item/DetailView/Item.aspx?goodscode=506726276,69.74
30,151,봄신상 원피스44~110빅사이즈 루즈핏 플라워 쉬폰 롱,58800,17800,http://image.gmarket.co.kr/challenge/neo_image/no_image.gif,http://item2.gmarket.co.kr/Item/DetailView/Item.aspx?goodscode=798416412,69.73
31,95,브리치xG마켓 부산 로드샵 럭키567 신상 80종 특가,45900,13900,http://image.gmarket.co.kr/challenge/neo_image/no_image.gif,http://item2.gmarket.co.kr/Item/DetailView/Item.aspx?goodscode=1224806974,69.72
32,63,[요즘에]20%쿠폰/중독진출시/청바지/스키니/슬랙스/빅사이즈,33000,10000,http://image.gmarket.co.kr/challenge/neo_image/no_image.gif,http://item2.gmarket.co.kr/Item/DetailView/Item.aspx?goodscode=336411659,69.7
33,8,[요즘에]20%쿠폰/신상특가/청바지/슬랙스/빅사이즈,33000,10000,http://image.gmarket.co.kr/challenge/neo_image/no_image.gif,http://item2.gmarket.co.kr/Item/DetailView/Item.aspx?goodscode=189842449,69.7
34,12,[아미]New 봄신상/니트/조끼/원피스/레이어드룩/루즈핏,35900,10900,http://image.gmarket.co.kr/challenge/neo_image/no_image.gif,http://item2.gmarket.co.kr/Item/DetailView/Item.aspx?goodscode=265921298,69.64
35,26,[에이블린]20%쿠폰 봄신상 롱티셔츠/맨투맨/원피스/빅사이즈,35900,10900,http://image.gmarket.co.kr/challenge/neo_image/no_image.gif,http://item2.gmarket.co.kr/Item/DetailView/Item.aspx?goodscode=835696924,69.64
36,61,[올리빙]스탠드옷걸이/스텐드/코트랙/어린이옷걸이/아동행거,26000,7900,http://image.gmarket.co.kr/challenge/neo_image/no_image.gif,http://item2.gmarket.co.kr/Item/DetailView/Item.aspx?goodscode=468735822,69.62
37,14,아디다스/나이키/리복 후드/맨투맨/자켓/패딩,105000,31900,http://image.gmarket.co.kr/challenge/neo_image/no_image.gif,http://item2.gmarket.co.kr/Item/DetailView/Item.aspx?goodscode=1172914391,69.62
38,140,사랑스러운_봄신상/블라우스/원피스/데이트룩/맨투맨,58900,17900,http://image.gmarket.co.kr/challenge/neo_image/no_image.gif,http://item2.gmarket.co.kr/Item/DetailView/Item.aspx?goodscode=929738898,69.61
39,97,봄신상청바지/남자/슬림일자/빅사이즈/밴드/면바지,48900,14900,http://image.gmarket.co.kr/challenge/neo_image/no_image.gif,http://item2.gmarket.co.kr/Item/DetailView/Item.aspx?goodscode=125749989,69.53
40,164,하라 봄신상 아동복/원피스/플라워/롱티/루즈핏,48900,14900,http://image.gmarket.co.kr/challenge/neo_image/no_image.gif,http://item2.gmarket.co.kr/Item/DetailView/Item.aspx?goodscode=398383891,69.53
41,23,G마켓x올리고진 ~110 빅사이즈 히든밴딩 데님팬츠,48900,14900,http://image.gmarket.co.kr/challenge/neo_image/no_image.gif,http://item2.gmarket.co.kr/Item/DetailView/Item.aspx?goodscode=1119466889,69.53
42,57,주니코 기모맨투맨/기모스웨터/롱후드티/겨울여성의류,25900,7900,http://image.gmarket.co.kr/challenge/neo_image/no_image.gif,http://item2.gmarket.co.kr/Item/DetailView/Item.aspx?goodscode=891727915,69.5
43,152,파란/브라팬티세트 ABCD컵추가금NO/빅사이즈/여성속옷,25900,7900,http://image.gmarket.co.kr/challenge/neo_image/no_image.gif,http://item2.gmarket.co.kr/Item/DetailView/Item.aspx?goodscode=1114973997,69.5
44,93,브라썸/브라팬티세트 ABCD추가금NO/빅사이즈/여성속옷,25900,7900,http://image.gmarket.co.kr/challenge/neo_image/no_image.gif,http://item2.gmarket.co.kr/Item/DetailView/Item.aspx?goodscode=960753074,69.5
45,94,글램공감/브라1+팬티2세트/ABCD컵/속옷/왕뽕/빅사이즈,25900,7900,http://image.gmarket.co.kr/challenge/neo_image/no_image.gif,http://item2.gmarket.co.kr/Item/DetailView/Item.aspx?goodscode=787562120,69.5
46,196,[월튼키즈]봄점퍼11900/아동복/상하복/원피스/티셔츠/팬츠,39000,11900,http://image.gmarket.co.kr/challenge/neo_image/no_image.gif,http://item2.gmarket.co.kr/Item/DetailView/Item.aspx?goodscode=227435487,69.49
47,20,[마리앤모리]점퍼11900/봄오픈/아동복/상하복/원피스/팬츠/레깅스,39000,11900,http://image.gmarket.co.kr/challenge/neo_image/no_image.gif,http://item2.gmarket.co.kr/Item/DetailView/Item.aspx?goodscode=653658258,69.49
48,176,[디프니]20%쿠폰 디프니 봄신상~큐티원피스/블라우스/프릴,38900,11900,http://image.gmarket.co.kr/challenge/neo_image/no_image.gif,http://item2.gmarket.co.kr/Item/DetailView/Item.aspx?goodscode=180245891,69.41
49,137,슈프림정품맨투맨.후드티.반팔티.트레이닝바지.세트,38900,11900,http://image.gmarket.co.kr/challenge/neo_image/no_image.gif,http://item2.gmarket.co.kr/Item/DetailView/Item.aspx?goodscode=805459425,69.41
50,154,[첨이첨이]아동팬티 5매4900원/아동/속옷/런닝/유아/주니어,32000,9800,http://image.gmarket.co.kr/challenge/neo_image/no_image.gif,http://item2.gmarket.co.kr/Item/DetailView/Item.aspx?goodscode=185126914,69.38
51,73,[첨이첨이]아동팬티5매4900원특가/유아/런닝/순면/속옷/무료배송,32000,9800,http://image.gmarket.co.kr/challenge/neo_image/no_image.gif,http://item2.gmarket.co.kr/Item/DetailView/Item.aspx?goodscode=159518443,69.38
52,13,[비와이씨]5매입4900원/여성/여자/팬티/요일/미디/맥시/속옷/면,16000,4900,http://image.gmarket.co.kr/challenge/neo_image/no_image.gif,http://item2.gmarket.co.kr/Item/DetailView/Item.aspx?goodscode=246972087,69.38
53,48,14K골드핀 한정특가 로즈골드 롱귀걸이 링귀걸이,25800,7900,http://image.gmarket.co.kr/challenge/neo_image/no_image.gif,http://item2.gmarket.co.kr/Item/DetailView/Item.aspx?goodscode=767588368,69.38
54,197,봄신상 남자청바지/빅사이즈/일자/스판옷/면바지/행사,41800,12800,http://image.gmarket.co.kr/challenge/neo_image/no_image.gif,http://item2.gmarket.co.kr/Item/DetailView/Item.aspx?goodscode=528849355,69.38
55,113,20%쿠폰 대박난박양 3XL 봄신상 자켓 오피스룩,65000,20000,http://image.gmarket.co.kr/challenge/neo_image/no_image.gif,http://item2.gmarket.co.kr/Item/DetailView/Item.aspx?goodscode=860892660,69.23
56,1,[난닝구]간절기코디맨투맨/니트/팬츠(5만원이상 무배),54900,16900,http://gdimg.gmarket.co.kr/607466490/still/300,http://item2.gmarket.co.kr/Item/DetailView/Item.aspx?goodscode=607466490,69.22
57,53,[가쯔]큐브 공간박스 1+1 수납박스 리빙박스 정리함 수납함,15900,4900,http://image.gmarket.co.kr/challenge/neo_image/no_image.gif,http://item2.gmarket.co.kr/Item/DetailView/Item.aspx?goodscode=771616434,69.18
58,165,[제이스맘](설특가) 여아구두 여아힐 아동화 아동구두 아동신발,32000,9900,http://image.gmarket.co.kr/challenge/neo_image/no_image.gif,http://item2.gmarket.co.kr/Item/DetailView/Item.aspx?goodscode=901334605,69.06
59,89,최상급 통통생굴 1KG / 지금이 가장 맛있는 무배특가,31900,9900,http://image.gmarket.co.kr/challenge/neo_image/no_image.gif,http://item2.gmarket.co.kr/Item/DetailView/Item.aspx?goodscode=196170364,68.97
60,190,[올리빙]지마켓단독 도트리빙박스72L /옷공간/수납함/정리함,21900,6900,http://image.gmarket.co.kr/challenge/neo_image/no_image.gif,http://item2.gmarket.co.kr/Item/DetailView/Item.aspx?goodscode=756126545,68.49
61,101,TV홈쇼핑 로벤탈 불칸코팅 후라이팬 1+1+1 균일가,59900,18900,http://image.gmarket.co.kr/challenge/neo_image/no_image.gif,http://item2.gmarket.co.kr/Item/DetailView/Item.aspx?goodscode=1199872616,68.45
62,110,쥬빌렛 남성 기모 터틀넥 티셔츠,25000,7900,http://image.gmarket.co.kr/challenge/neo_image/no_image.gif,http://item2.gmarket.co.kr/Item/DetailView/Item.aspx?goodscode=1217944256,68.4
63,171,[울리]G마켓x울리 특가 강아지옷 겨울패딩/점퍼/후리스,25000,7900,http://image.gmarket.co.kr/challenge/neo_image/no_image.gif,http://item2.gmarket.co.kr/Item/DetailView/Item.aspx?goodscode=1146010427,68.4
64,32,긴팔티셔츠/티셔츠/남자티셔츠/남성티셔츠/남자/남성,24900,7900,http://image.gmarket.co.kr/challenge/neo_image/no_image.gif,http://item2.gmarket.co.kr/Item/DetailView/Item.aspx?goodscode=658035837,68.27
65,49,[MF매직하우스]알라딘매직행거30개 고리회전 논슬립옷걸이 바지걸이,27900,8900,http://image.gmarket.co.kr/challenge/neo_image/no_image.gif,http://item2.gmarket.co.kr/Item/DetailView/Item.aspx?goodscode=233505948,68.1
66,29,[멜리사앤더그]수입완구3일특가/ 만원이하 총 모음전 슐라이히 外,12000,3900,http://image.gmarket.co.kr/challenge/neo_image/no_image.gif,http://item2.gmarket.co.kr/Item/DetailView/Item.aspx?goodscode=596658606,67.5
67,92,퓨어스펙 고당도 네이블 오렌지 15과 중소과,25000,8900,http://image.gmarket.co.kr/challenge/neo_image/no_image.gif,http://item2.gmarket.co.kr/Item/DetailView/Item.aspx?goodscode=785840506,64.4
68,34,테이프크리너 핸들+리필7개/돌돌이/찍찍이/청소용품,24900,8900,http://image.gmarket.co.kr/challenge/neo_image/no_image.gif,http://item2.gmarket.co.kr/Item/DetailView/Item.aspx?goodscode=331991312,64.26
69,124,[잇츠유]먼지없는 알러지케어 매트리스커버/침대커버,22000,7900,http://image.gmarket.co.kr/challenge/neo_image/no_image.gif,http://item2.gmarket.co.kr/Item/DetailView/Item.aspx?goodscode=797490446,64.09
70,199,[MF매직하우스]MF 윈도우 커버 옷장/비키니 옷장 옷걸이 행거 조립식,69900,25900,http://image.gmarket.co.kr/challenge/neo_image/no_image.gif,http://item2.gmarket.co.kr/Item/DetailView/Item.aspx?goodscode=954867625,62.95
71,105,[아키클래식]민효린X아키클래식 운동화 신발 스니커즈 런닝화,79900,29900,http://image.gmarket.co.kr/challenge/neo_image/no_image.gif,http://item2.gmarket.co.kr/Item/DetailView/Item.aspx?goodscode=122538424,62.58
72,161,시리우스윌 강아지 간식 영양스튜 2팩 체험팩 행사,6600,2500,http://image.gmarket.co.kr/challenge/neo_image/no_image.gif,http://item2.gmarket.co.kr/Item/DetailView/Item.aspx?goodscode=1158562622,62.12
73,98,[버블트리]~21호/여아/유아/의류/아동복/주니어/원피스/레깅스,33000,12900,http://image.gmarket.co.kr/challenge/neo_image/no_image.gif,http://item2.gmarket.co.kr/Item/DetailView/Item.aspx?goodscode=220228006,60.91
74,52,새학기 입학 준비물 색연필 스케치북 파스넷 스티커,9900,3900,http://image.gmarket.co.kr/challenge/neo_image/no_image.gif,http://item2.gmarket.co.kr/Item/DetailView/Item.aspx?goodscode=344141472,60.61
75,174,[종근당]특가 프로바이오틱스S19 1+1 총2박스 유산균 19종,25000,9900,http://image.gmarket.co.kr/challenge/neo_image/no_image.gif,http://item2.gmarket.co.kr/Item/DetailView/Item.aspx?goodscode=535591058,60.4
76,195,[종근당 건강]특가 슈퍼비젼 멀티비타민 6개월 비타민 종합비타민,25000,9900,http://image.gmarket.co.kr/challenge/neo_image/no_image.gif,http://item2.gmarket.co.kr/Item/DetailView/Item.aspx?goodscode=254469404,60.4
77,87,양말사은품 민효린 요가복 스포츠레깅스 헬스복,49000,19800,http://image.gmarket.co.kr/challenge/neo_image/no_image.gif,http://item2.gmarket.co.kr/Item/DetailView/Item.aspx?goodscode=731813765,59.59
78,74,[안다르]안다르/요가복/레깅스/액티브웨어/50종,38000,15500,http://image.gmarket.co.kr/challenge/neo_image/no_image.gif,http://item2.gmarket.co.kr/Item/DetailView/Item.aspx?goodscode=1112839913,59.21
79,2,[닥터아토]에센셜.트리트먼트로션 1+1 . 로션/워시 증정,29000,11900,http://gdimg.gmarket.co.kr/230471476/still/300,http://item2.gmarket.co.kr/Item/DetailView/Item.aspx?goodscode=230471476,58.97
80,99,[푸고]푸고 NEW 신형 빨대컵 BS535K 보냉컵/텀블러/리필,46000,19000,http://image.gmarket.co.kr/challenge/neo_image/no_image.gif,http://item2.gmarket.co.kr/Item/DetailView/Item.aspx?goodscode=827414561,58.7
81,15,[오랄비]오랄비 유아칫솔 스테이지스 8입 + 신학기종합장 증정,35900,15000,http://image.gmarket.co.kr/challenge/neo_image/no_image.gif,http://item2.gmarket.co.kr/Item/DetailView/Item.aspx?goodscode=619500342,58.22
82,47,[휴럼]제주 감귤젤리 말삭말삭하G 90gX5봉 귤/젤리/캔디,15900,6900,http://image.gmarket.co.kr/challenge/neo_image/no_image.gif,http://item2.gmarket.co.kr/Item/DetailView/Item.aspx?goodscode=1236780528,56.6
83,115,베베맘마 아기 물티슈 100매 X 20팩 리필형,26800,11800,http://image.gmarket.co.kr/challenge/neo_image/no_image.gif,http://item2.gmarket.co.kr/Item/DetailView/Item.aspx?goodscode=1197687391,55.97
84,181,[랩]LAP 인기가방 특가 30종 택 1,79000,35000,http://image.gmarket.co.kr/challenge/neo_image/no_image.gif,http://item2.gmarket.co.kr/Item/DetailView/Item.aspx?goodscode=1271631387,55.7
85,191,[맥널티]인스턴트 병커피 50gx3병/커피믹스/블랙커피,22000,9900,http://image.gmarket.co.kr/challenge/neo_image/no_image.gif,http://item2.gmarket.co.kr/Item/DetailView/Item.aspx?goodscode=961568530,55.0
86,4,[아벤느](본사 공식)오떼르말 1+1 외 BEST ITEM 단독특가,46000,20700,http://gdimg.gmarket.co.kr/747142481/still/300,http://item2.gmarket.co.kr/Item/DetailView/Item.aspx?goodscode=747142481,55.0
87,149,[다우니]다우니1L 2개 + 페브리즈 370ml 2개 +사은품,35000,15900,http://image.gmarket.co.kr/challenge/neo_image/no_image.gif,http://item2.gmarket.co.kr/Item/DetailView/Item.aspx?goodscode=1262488352,54.57
88,175,[다우니]다우니 퍼퓸 섬유유연제 2L 2개 + 200ml 4개,39000,17900,http://image.gmarket.co.kr/challenge/neo_image/no_image.gif,http://item2.gmarket.co.kr/Item/DetailView/Item.aspx?goodscode=253378390,54.1
89,127,국산 순면누빔 요커버+정품 요솜 포함세트 요매트/요,39900,18900,http://image.gmarket.co.kr/challenge/neo_image/no_image.gif,http://item2.gmarket.co.kr/Item/DetailView/Item.aspx?goodscode=367503849,52.63
90,198,호텔수건/30수150g10장/ 40수수건200g /샤워가운/타올,45000,21900,http://image.gmarket.co.kr/challenge/neo_image/no_image.gif,http://item2.gmarket.co.kr/Item/DetailView/Item.aspx?goodscode=724769612,51.33
91,157,[리빙코디]뽀로로 다용도 공부상 / 유아공부상 밥상,30000,14800,http://image.gmarket.co.kr/challenge/neo_image/no_image.gif,http://item2.gmarket.co.kr/Item/DetailView/Item.aspx?goodscode=844307946,50.67
92,30,아침향기 기능성 에코화분 미세먼지제거 공기정화식물,7900,3900,http://image.gmarket.co.kr/challenge/neo_image/no_image.gif,http://item2.gmarket.co.kr/Item/DetailView/Item.aspx?goodscode=1118833617,50.63
93,33,1+1 아동실내화 유아 어린이 덧신 초등 학생 신학기,9900,4900,http://image.gmarket.co.kr/challenge/neo_image/no_image.gif,http://item2.gmarket.co.kr/Item/DetailView/Item.aspx?goodscode=157772532,50.51
94,187,[나이키]우먼스 에어맥스 테아 NIKE 599409-020,129000,63900,http://image.gmarket.co.kr/challenge/neo_image/no_image.gif,http://item2.gmarket.co.kr/Item/DetailView/Item.aspx?goodscode=1221201832,50.47
95,44,[나이키]에어맥스 모션 라이트웨이트 833260-010 남성,99000,49100,http://image.gmarket.co.kr/challenge/neo_image/no_image.gif,http://item2.gmarket.co.kr/Item/DetailView/Item.aspx?goodscode=1221115882,50.4
96,188,[나이키]에어맥스 모션 라이트웨이트 NIKE 833662-011 여성,99000,49100,http://image.gmarket.co.kr/challenge/neo_image/no_image.gif,http://item2.gmarket.co.kr/Item/DetailView/Item.aspx?goodscode=1221208562,50.4
97,131,[매일유업] 매일 요미요미 유기농주스 125ml X24팩/유아식,30000,14900,http://image.gmarket.co.kr/challenge/neo_image/no_image.gif,http://item2.gmarket.co.kr/Item/DetailView/Item.aspx?goodscode=926223381,50.33
98,25,[위스퍼]위스퍼 슈퍼롱 오버나이트 30p+중형2p 생리대(슈),19900,9900,http://image.gmarket.co.kr/challenge/neo_image/no_image.gif,http://item2.gmarket.co.kr/Item/DetailView/Item.aspx?goodscode=467926169,50.25
99,17,[시크릿데이](다이어리or세안밴드) 센스 중형6팩+2P 8900원/생리대,21900,10900,http://image.gmarket.co.kr/challenge/neo_image/no_image.gif,http://item2.gmarket.co.kr/Item/DetailView/Item.aspx?goodscode=721152264,50.23
100,60,[시크릿데이](세안밴드or다이어리) 러브 생리대 9팩/2건시 3팩 더,21900,10900,http://image.gmarket.co.kr/challenge/neo_image/no_image.gif,http://item2.gmarket.co.kr/Item/DetailView/Item.aspx?goodscode=291472256,50.23
101,88,[함소아]새학기특가 | 오메가3 | 키즈DHA플러스D x 2통,70000,34900,http://image.gmarket.co.kr/challenge/neo_image/no_image.gif,http://item2.gmarket.co.kr/Item/DetailView/Item.aspx?goodscode=731926665,50.14
102,39,[필립스]PHILIPS 소닉케어 어린이용 음파칫솔 HX6311/07,80000,39900,http://image.gmarket.co.kr/challenge/neo_image/no_image.gif,http://item2.gmarket.co.kr/Item/DetailView/Item.aspx?goodscode=539506091,50.12
103,162,AIHAO 고급 젤펜 볼펜 30개1세트,13000,6500,http://image.gmarket.co.kr/challenge/neo_image/no_image.gif,http://item2.gmarket.co.kr/Item/DetailView/Item.aspx?goodscode=1260713741,50.0
104,106,[피죤]피죤 섬유유연제 3.1L 4개 / 알뜰용량,23800,11900,http://image.gmarket.co.kr/challenge/neo_image/no_image.gif,http://item2.gmarket.co.kr/Item/DetailView/Item.aspx?goodscode=242458687,50.0
105,107,[에뛰드하우스]에뛰드하우스 베스트아이템 기획전 ~50%,20000,10000,http://image.gmarket.co.kr/challenge/neo_image/no_image.gif,http://item2.gmarket.co.kr/Item/DetailView/Item.aspx?goodscode=961506205,50.0
106,75,헤드앤숄더 샴푸/린스 850ml 2개 + 90ml 2개,30000,15000,http://image.gmarket.co.kr/challenge/neo_image/no_image.gif,http://item2.gmarket.co.kr/Item/DetailView/Item.aspx?goodscode=933865243,50.0
107,135,2/23일 순차발송 기름 쏙 뺀 에어프라이어 HD9228/10,312000,159000,http://image.gmarket.co.kr/challenge/neo_image/no_image.gif,http://item2.gmarket.co.kr/Item/DetailView/Item.aspx?goodscode=892714959,49.04
108,56,[아벤느](본사공식)아벤느 지마켓 단독/남녀 선물세트 특가,68000,34900,http://image.gmarket.co.kr/challenge/neo_image/no_image.gif,http://item2.gmarket.co.kr/Item/DetailView/Item.aspx?goodscode=747142360,48.68
109,91,[모나리자]땡큐 프리미엄 데코 3겹 30롤 3팩/화장지/휴지 사은품2,32900,16900,http://image.gmarket.co.kr/challenge/neo_image/no_image.gif,http://item2.gmarket.co.kr/Item/DetailView/Item.aspx?goodscode=1124961619,48.63
110,85,[필립스]PHILIPS 음파 칫솔 더블핸들 패키지 HX6512/02,128000,65900,http://image.gmarket.co.kr/challenge/neo_image/no_image.gif,http://item2.gmarket.co.kr/Item/DetailView/Item.aspx?goodscode=701308320,48.52
111,186,판매1위)태송즉석볶음밥300gx10봉/햇반/육개장,28000,14500,http://image.gmarket.co.kr/challenge/neo_image/no_image.gif,http://item2.gmarket.co.kr/Item/DetailView/Item.aspx?goodscode=825499934,48.21
112,125,[스마트에코]스마트에코물티슈베이직100매리필형X20팩,22900,11900,http://image.gmarket.co.kr/challenge/neo_image/no_image.gif,http://item2.gmarket.co.kr/Item/DetailView/Item.aspx?goodscode=1124177581,48.03
113,67,종이컵//계량컵//2000개 한박스//눈금표시//무형광,27000,14400,http://image.gmarket.co.kr/challenge/neo_image/no_image.gif,http://item2.gmarket.co.kr/Item/DetailView/Item.aspx?goodscode=863649759,46.67
114,108,[좋은포장]택배봉투/폴리백/안전봉투/PE/PP,9900,5310,http://image.gmarket.co.kr/challenge/neo_image/no_image.gif,http://item2.gmarket.co.kr/Item/DetailView/Item.aspx?goodscode=112923056,46.36
115,59,아이러브베베물티슈핑크 100매 리필형X20팩,21900,11900,http://image.gmarket.co.kr/challenge/neo_image/no_image.gif,http://item2.gmarket.co.kr/Item/DetailView/Item.aspx?goodscode=1124058049,45.66
116,194,[한샘](최대혜택가181350원) 사일런나잇 라텍스탑 독립스프링 매트리스 SS/Q/K,360000,198000,http://image.gmarket.co.kr/challenge/neo_image/no_image.gif,http://item2.gmarket.co.kr/Item/DetailView/Item.aspx?goodscode=660679310,45.0
117,142,[싸이벡스]17년 정품 싸이벡스 솔루션 큐투 픽스 [주니어용 카시트],480000,269000,http://image.gmarket.co.kr/challenge/neo_image/no_image.gif,http://item2.gmarket.co.kr/Item/DetailView/Item.aspx?goodscode=1163054346,43.96
118,184,[유하우스]주방타올 행주 북유럽풍 순면거즈 일러스트행주 x 2개,6900,3900,http://image.gmarket.co.kr/challenge/neo_image/no_image.gif,http://item2.gmarket.co.kr/Item/DetailView/Item.aspx?goodscode=1115464219,43.48
119,5,[게스]게스 인기 반팔티 얼리버드 균일가 제안,28000,15900,http://gdimg.gmarket.co.kr/1267464808/still/300,http://item2.gmarket.co.kr/Item/DetailView/Item.aspx?goodscode=1267464808,43.21
120,118,[퍼실]퍼실 컴플리트 파워젤 드럼/일반 1.8L x3개 + 증정,36300,20700,http://image.gmarket.co.kr/challenge/neo_image/no_image.gif,http://item2.gmarket.co.kr/Item/DetailView/Item.aspx?goodscode=979895184,42.98
121,183,[동서]할인가11500원/현미녹차200T/메밀차/둥굴레차/녹차,20000,11500,http://image.gmarket.co.kr/challenge/neo_image/no_image.gif,http://item2.gmarket.co.kr/Item/DetailView/Item.aspx?goodscode=175039860,42.5
122,86,종이컵 2000개 6.5oz 국내산원지 무료배송,25000,14400,http://image.gmarket.co.kr/challenge/neo_image/no_image.gif,http://item2.gmarket.co.kr/Item/DetailView/Item.aspx?goodscode=739043274,42.4
123,62,무료배송 국내생산 종이컵 2000개 1Box/특별기획상품,25000,14400,http://image.gmarket.co.kr/challenge/neo_image/no_image.gif,http://item2.gmarket.co.kr/Item/DetailView/Item.aspx?goodscode=724874221,42.4
124,182,[슈퍼대디]슈퍼대디 아기물티슈 Ss 10 + 10팩 더/로희물티슈,23900,13900,http://image.gmarket.co.kr/challenge/neo_image/no_image.gif,http://item2.gmarket.co.kr/Item/DetailView/Item.aspx?goodscode=987992021,41.84
125,150,[아침농산]2017년산 햅쌀 현미10kg/백미/찰현미/찹쌀/귀리,35900,20900,http://image.gmarket.co.kr/challenge/neo_image/no_image.gif,http://item2.gmarket.co.kr/Item/DetailView/Item.aspx?goodscode=484828506,41.78
126,35,특가) NEW 일동후디스앤업카페300ml 10컵/커피/캔커피,20000,11900,http://image.gmarket.co.kr/challenge/neo_image/no_image.gif,http://item2.gmarket.co.kr/Item/DetailView/Item.aspx?goodscode=776872647,40.5
127,22,[다우니]다우니 고농축 섬유유연제 1L 3개 / 퍼퓸 세탁세제,20000,11900,http://image.gmarket.co.kr/challenge/neo_image/no_image.gif,http://item2.gmarket.co.kr/Item/DetailView/Item.aspx?goodscode=488020179,40.5
128,78,[칠성사이다]예원FnB/롯데 칠성사이다 펩시콜라 355ml x 24캔/뚱캔,20000,11900,http://image.gmarket.co.kr/challenge/neo_image/no_image.gif,http://item2.gmarket.co.kr/Item/DetailView/Item.aspx?goodscode=562837441,40.5
129,43,볼륨앤소프트 천연펄프 화장지 30롤 3팩,30000,17900,http://image.gmarket.co.kr/challenge/neo_image/no_image.gif,http://item2.gmarket.co.kr/Item/DetailView/Item.aspx?goodscode=1175174413,40.33
130,117,핸드폰 오버액션토끼 어부바 노트8 갤럭시5 s7 아이폰,30000,17900,http://image.gmarket.co.kr/challenge/neo_image/no_image.gif,http://item2.gmarket.co.kr/Item/DetailView/Item.aspx?goodscode=1226508233,40.33
131,109,[질레트]질레트 플렉스볼 파워 면도기+8입날+파우치+응원봉,62800,37900,http://image.gmarket.co.kr/challenge/neo_image/no_image.gif,http://item2.gmarket.co.kr/Item/DetailView/Item.aspx?goodscode=641915768,39.65
132,163,[전남 남도장터]2017 황토랑 깐마늘 중사이즈 400g 2개,12900,7900,http://image.gmarket.co.kr/challenge/neo_image/no_image.gif,http://item2.gmarket.co.kr/Item/DetailView/Item.aspx?goodscode=808678944,38.76
133,31,우리스카이종이컵 2000개/6.5oz자판기용 /국내산,23400,14400,http://image.gmarket.co.kr/challenge/neo_image/no_image.gif,http://item2.gmarket.co.kr/Item/DetailView/Item.aspx?goodscode=237872783,38.46
134,133,[어퓨]어퓨 10주년 SALE,6500,4000,http://image.gmarket.co.kr/challenge/neo_image/no_image.gif,http://item2.gmarket.co.kr/Item/DetailView/Item.aspx?goodscode=692539791,38.46
135,170,[위드네이쳐]경구독성 및 피부자극 테스트 완료/위드네이쳐물티슈,20900,12900,http://image.gmarket.co.kr/challenge/neo_image/no_image.gif,http://item2.gmarket.co.kr/Item/DetailView/Item.aspx?goodscode=819802149,38.28
136,7,요리베이컨 1kg/실속베이컨 뭉치형 베이컨슬라이스,15900,9900,http://gdimg.gmarket.co.kr/1164664318/still/300,http://item2.gmarket.co.kr/Item/DetailView/Item.aspx?goodscode=1164664318,37.74
137,58,[페브리즈]페브리즈 섬유탈취제 MEN 370ml 2개 + 320ml 증정,15900,9900,http://image.gmarket.co.kr/challenge/neo_image/no_image.gif,http://item2.gmarket.co.kr/Item/DetailView/Item.aspx?goodscode=688186518,37.74
138,130,[코디]코디 허브가든 3겹 27M 30롤 3팩(90롤)/화장지 휴지 TM,39900,24900,http://image.gmarket.co.kr/challenge/neo_image/no_image.gif,http://item2.gmarket.co.kr/Item/DetailView/Item.aspx?goodscode=1123468786,37.59
139,10,[팸퍼스]팸퍼스 베이비드라이 팬티 3~6단계 3팩 기저귀(슈),59900,37900,http://image.gmarket.co.kr/challenge/neo_image/no_image.gif,http://item2.gmarket.co.kr/Item/DetailView/Item.aspx?goodscode=336006717,36.73
140,68,[쟈뎅]쿠폰가14400 에스프레소 스틱 180T/커피/커피믹스,25000,15900,http://image.gmarket.co.kr/challenge/neo_image/no_image.gif,http://item2.gmarket.co.kr/Item/DetailView/Item.aspx?goodscode=848036826,36.4
141,112,[동서]현미녹차 200T 기획특가/300T/둥굴레차/메밀차/녹차,18000,11500,http://image.gmarket.co.kr/challenge/neo_image/no_image.gif,http://item2.gmarket.co.kr/Item/DetailView/Item.aspx?goodscode=199990585,36.11
142,136,코카콜라 185mlX30캔/무료배송/사이다/탄산음료,20000,12900,http://image.gmarket.co.kr/challenge/neo_image/no_image.gif,http://item2.gmarket.co.kr/Item/DetailView/Item.aspx?goodscode=573140194,35.5
143,11,[매일우유]매일 소화가잘되는 우유 190mlx24팩/멸균우유,20000,12900,http://image.gmarket.co.kr/challenge/neo_image/no_image.gif,http://item2.gmarket.co.kr/Item/DetailView/Item.aspx?goodscode=892723477,35.5
144,192,[도리도리]도리도리 아기 물티슈 100매 캡형20팩,19900,12900,http://image.gmarket.co.kr/challenge/neo_image/no_image.gif,http://item2.gmarket.co.kr/Item/DetailView/Item.aspx?goodscode=663487898,35.18
145,81,(5%추가할인/당일사용불가) 2018 전국 키자니아 상반기 얼리버드 (3월 9일~7월 19일까지 사용),36000,23400,http://image.gmarket.co.kr/challenge/neo_image/no_image.gif,http://item2.gmarket.co.kr/Item/DetailView/Item.aspx?goodscode=1260797449,35.0
146,100,더미들래 구워먹는 꾸떡 245gx4봉 +치킨양념소스 증정,13600,8900,http://image.gmarket.co.kr/challenge/neo_image/no_image.gif,http://item2.gmarket.co.kr/Item/DetailView/Item.aspx?goodscode=1259804240,34.56
147,146,차이슨 디베아 최신형 C17 무선 진공 청소기,119000,79800,http://image.gmarket.co.kr/challenge/neo_image/no_image.gif,http://item2.gmarket.co.kr/Item/DetailView/Item.aspx?goodscode=1249388392,32.94
148,177,[맥심](할인가16900원)모카골드/화이트 160T/커피믹스/커피,25000,16900,http://image.gmarket.co.kr/challenge/neo_image/no_image.gif,http://item2.gmarket.co.kr/Item/DetailView/Item.aspx?goodscode=133838877,32.4
149,119,[동원샘물미네마인]동원 샘물 2Lx9병x3팩(총 27병) /생수,20000,13600,http://image.gmarket.co.kr/challenge/neo_image/no_image.gif,http://item2.gmarket.co.kr/Item/DetailView/Item.aspx?goodscode=636171264,32.0
150,42,[맥심]카드할인26010/모카골드340T/화이트골드/커피믹스,46900,31900,http://image.gmarket.co.kr/challenge/neo_image/no_image.gif,http://item2.gmarket.co.kr/Item/DetailView/Item.aspx?goodscode=706878395,31.98
151,122,[해태제과]해태 오예스 336gx4곽 초코파이 과자 몽쉘,13900,9500,http://image.gmarket.co.kr/challenge/neo_image/no_image.gif,http://item2.gmarket.co.kr/Item/DetailView/Item.aspx?goodscode=533247517,31.65
152,144,(G마켓이간다) 영암 꿀달고구마 3kg(긴특긴상),20000,13900,http://image.gmarket.co.kr/challenge/neo_image/no_image.gif,http://item2.gmarket.co.kr/Item/DetailView/Item.aspx?goodscode=186675970,30.5
153,96,[한샘](최대혜택가64080원) 샘 책장 5단 120cm외 베스트셀러 모음,99000,68900,http://image.gmarket.co.kr/challenge/neo_image/no_image.gif,http://item2.gmarket.co.kr/Item/DetailView/Item.aspx?goodscode=335395069,30.4
154,46,[카누]카누아메리카노 미니 100T+사은품/커피믹스/커피/원두,25000,17500,http://image.gmarket.co.kr/challenge/neo_image/no_image.gif,http://item2.gmarket.co.kr/Item/DetailView/Item.aspx?goodscode=636718363,30.0
155,116,[맥심]카누다크마일드미니100T+사은품/믹스커피/커피믹스/,25000,17500,http://image.gmarket.co.kr/challenge/neo_image/no_image.gif,http://item2.gmarket.co.kr/Item/DetailView/Item.aspx?goodscode=364068964,30.0
156,79,2018 토니모리 전품목 빅세일 Up to 50% + 20% 쿠폰,22000,15400,http://image.gmarket.co.kr/challenge/neo_image/no_image.gif,http://item2.gmarket.co.kr/Item/DetailView/Item.aspx?goodscode=705589608,30.0
157,179,[맥심]맥심 모카골드 커피믹스 320T /20T증정,48000,33800,http://image.gmarket.co.kr/challenge/neo_image/no_image.gif,http://item2.gmarket.co.kr/Item/DetailView/Item.aspx?goodscode=1101169778,29.58
158,18,[맥심](할인가28900원)모카/화이트 340T/320T/커피믹스/커피,44800,31900,http://image.gmarket.co.kr/challenge/neo_image/no_image.gif,http://item2.gmarket.co.kr/Item/DetailView/Item.aspx?goodscode=152472765,28.79
159,45,[맥심]할인가31900원/화이트320T/맥심340T/커피믹스/커피,44800,31900,http://image.gmarket.co.kr/challenge/neo_image/no_image.gif,http://item2.gmarket.co.kr/Item/DetailView/Item.aspx?goodscode=271745199,28.79
160,16,[샤오미]샤오미 2세대 보조배터리 급속 10000mAh PLM02ZM(S),13900,9900,http://image.gmarket.co.kr/challenge/neo_image/no_image.gif,http://item2.gmarket.co.kr/Item/DetailView/Item.aspx?goodscode=782316269,28.78
161,167,[맥심]카드할인36900/모카골드400T+사은품/화이트골드 커피,56000,39900,http://image.gmarket.co.kr/challenge/neo_image/no_image.gif,http://item2.gmarket.co.kr/Item/DetailView/Item.aspx?goodscode=751865959,28.75
162,64,[맥심](할인가39900원)화이트/모카 420T/400T/커피믹스/커피,56000,39900,http://image.gmarket.co.kr/challenge/neo_image/no_image.gif,http://item2.gmarket.co.kr/Item/DetailView/Item.aspx?goodscode=151386408,28.75
163,178,[HP]HP A4 복사용지(A4용지) 75g 2500매 2BOX/더블에이,40000,28900,http://image.gmarket.co.kr/challenge/neo_image/no_image.gif,http://item2.gmarket.co.kr/Item/DetailView/Item.aspx?goodscode=230690388,27.75
164,111,[비트]비트 액체세제 2L 4개 + 300g 증정,22000,15900,http://image.gmarket.co.kr/challenge/neo_image/no_image.gif,http://item2.gmarket.co.kr/Item/DetailView/Item.aspx?goodscode=816426425,27.73
165,123,[로이체]블루투스 무선마이크 BTS-30KM / 3종 사은품 지급,22900,16900,http://image.gmarket.co.kr/challenge/neo_image/no_image.gif,http://item2.gmarket.co.kr/Item/DetailView/Item.aspx?goodscode=1136188914,26.2
166,156,[한솔제지]무료안전포장 라인프렌즈 한솔 75g A4용지 2박스,40000,29680,http://image.gmarket.co.kr/challenge/neo_image/no_image.gif,http://item2.gmarket.co.kr/Item/DetailView/Item.aspx?goodscode=205383885,25.8
167,0,[베베숲]특가_아기물티슈 프리미어 70매 20팩,37800,28400,http://gdimg.gmarket.co.kr/736068670/still/300,http://item2.gmarket.co.kr/Item/DetailView/Item.aspx?goodscode=736068670,24.87
168,104,[더블에이]더블에이 A4 복사용지 80g 4000매 2BOX/A4용지,52000,39600,http://image.gmarket.co.kr/challenge/neo_image/no_image.gif,http://item2.gmarket.co.kr/Item/DetailView/Item.aspx?goodscode=772056310,23.85
169,132,[카카오프렌즈](1+1)카카오정품케이블/고속충전케이블/고속충전기,12900,9900,http://image.gmarket.co.kr/challenge/neo_image/no_image.gif,http://item2.gmarket.co.kr/Item/DetailView/Item.aspx?goodscode=963290821,23.26
170,77,[햇반]햇반190g x 36개입,35000,26900,http://image.gmarket.co.kr/challenge/neo_image/no_image.gif,http://item2.gmarket.co.kr/Item/DetailView/Item.aspx?goodscode=1267359332,23.14
171,65,[HP]HP A4 복사용지(A4용지) 80g 2500매 2BOX/더블에이,40000,30900,http://image.gmarket.co.kr/challenge/neo_image/no_image.gif,http://item2.gmarket.co.kr/Item/DetailView/Item.aspx?goodscode=782096663,22.75
172,40,[스케쳐스]트윙클 토즈 SK0GL17X111,39000,30420,http://image.gmarket.co.kr/challenge/neo_image/no_image.gif,http://item2.gmarket.co.kr/Item/DetailView/Item.aspx?goodscode=1256882009,22.0
173,27,매월 둘째 주 추가할인 / 박스포유 택배박스,39000,30600,http://image.gmarket.co.kr/challenge/neo_image/no_image.gif,http://item2.gmarket.co.kr/Item/DetailView/Item.aspx?goodscode=153279336,21.54
174,71,[산과들에]1+1 하루 한줌 견과 원데이오리지널30봉세트 무료배송,20000,15900,http://image.gmarket.co.kr/challenge/neo_image/no_image.gif,http://item2.gmarket.co.kr/Item/DetailView/Item.aspx?goodscode=1259540092,20.5
175,103,(5%추가할인/당일사용불가) 전국 키자니아 2월 이용권+가족권,36000,28800,http://image.gmarket.co.kr/challenge/neo_image/no_image.gif,http://item2.gmarket.co.kr/Item/DetailView/Item.aspx?goodscode=1244057973,20.0
176,159,명진박스 10+1행사 지마켓 로고 택배박스 포장박스,32300,25850,http://image.gmarket.co.kr/challenge/neo_image/no_image.gif,http://item2.gmarket.co.kr/Item/DetailView/Item.aspx?goodscode=791307164,19.97
177,36,업계를 리드하는 기업 3SK택배박스,38000,30600,http://image.gmarket.co.kr/challenge/neo_image/no_image.gif,http://item2.gmarket.co.kr/Item/DetailView/Item.aspx?goodscode=161267854,19.47
178,69,[아디다스]아디다스 봄맞이 슈즈 13종 S80612 BB0134 BB3084 BB1796,48700,39940,http://image.gmarket.co.kr/challenge/neo_image/no_image.gif,http://item2.gmarket.co.kr/Item/DetailView/Item.aspx?goodscode=1266831841,17.99
179,83,밀크바오밥 물티슈 마이옐로 캡형 80매 10팩,13900,11500,http://image.gmarket.co.kr/challenge/neo_image/no_image.gif,http://item2.gmarket.co.kr/Item/DetailView/Item.aspx?goodscode=1176388409,17.27
180,153,[마미포코]마미포코 360핏 3팩+슬림핏 팬티1팩,45900,39900,http://image.gmarket.co.kr/challenge/neo_image/no_image.gif,http://item2.gmarket.co.kr/Item/DetailView/Item.aspx?goodscode=127195332,13.07
181,180,[다이소]공식판매처/택배박스/봉투/로고인쇄/당일발송/소량,29900,26810,http://image.gmarket.co.kr/challenge/neo_image/no_image.gif,http://item2.gmarket.co.kr/Item/DetailView/Item.aspx?goodscode=526694228,10.33
182,145,[베베숲]아기물티슈 프리미어 캡 70매 10팩 도톰한 70gsm,19400,17400,http://image.gmarket.co.kr/challenge/neo_image/no_image.gif,http://item2.gmarket.co.kr/Item/DetailView/Item.aspx?goodscode=1157685360,10.31
183,155,우공비 자습서 2018년 1학기 전과목 세트 (3-6학년 선택),52500,47250,http://image.gmarket.co.kr/challenge/neo_image/no_image.gif,http://item2.gmarket.co.kr/Item/DetailView/Item.aspx?goodscode=774408525,10.0
184,143,[네파키즈][네파키즈]KD56202-PURO 트레이닝셋트,49500,44550,http://image.gmarket.co.kr/challenge/neo_image/no_image.gif,http://item2.gmarket.co.kr/Item/DetailView/Item.aspx?goodscode=1124314315,10.0
185,38,(혜택가 26930원) 원리셈 / TOP 사고력 수학 세트,35200,31680,http://image.gmarket.co.kr/challenge/neo_image/no_image.gif,http://item2.gmarket.co.kr/Item/DetailView/Item.aspx?goodscode=860246272,10.0
186,72,[투썸플레이스](투썸플레이스) 스트로베리생크림케이크,29000,26390,http://image.gmarket.co.kr/challenge/neo_image/no_image.gif,http://item2.gmarket.co.kr/Item/DetailView/Item.aspx?goodscode=986999816,9.0
187,66,17년 햅쌀 임실농협 행복드림 쌀 20kg / 당일도정,44990,41990,http://image.gmarket.co.kr/challenge/neo_image/no_image.gif,http://item2.gmarket.co.kr/Item/DetailView/Item.aspx?goodscode=1115256902,6.67
188,51,[더블에이](현대Hmall)직배송 더블에이 A4용지(복사용지) 80g 5000매(2박스),43230,40640,http://image.gmarket.co.kr/challenge/neo_image/no_image.gif,http://item2.gmarket.co.kr/Item/DetailView/Item.aspx?goodscode=667131052,5.99
189,158,[HP](현대Hmall)직배송 HP A4용지(복사용지)복사지 80g 5000매(2박스),32550,30600,http://image.gmarket.co.kr/challenge/neo_image/no_image.gif,http://item2.gmarket.co.kr/Item/DetailView/Item.aspx?goodscode=789808778,5.99
190,76,[ahc]퍼펙트 듀얼 커버 쿠션 글램핑크 기획세트 (21호/23호 중 택1)/ AHC,27200,25840,http://image.gmarket.co.kr/challenge/neo_image/no_image.gif,http://item2.gmarket.co.kr/Item/DetailView/Item.aspx?goodscode=1131675527,5.0
191,172,[웰킵스]KF94/100매 웰킵스 황사방역마스크 (스마트/KF94),61900,58900,http://image.gmarket.co.kr/challenge/neo_image/no_image.gif,http://item2.gmarket.co.kr/Item/DetailView/Item.aspx?goodscode=1161448327,4.85
192,160,바디럽 퓨어썸샤워기/세면대/주방용 필터세트 사은품 증정,29900,29900,http://image.gmarket.co.kr/challenge/neo_image/no_image.gif,http://item2.gmarket.co.kr/Item/DetailView/Item.aspx?goodscode=1170283977,0.0
193,24,(쿠폰가 34020) 시매쓰 영재사고력 수학 1031 단계별 선택구매(pre단계~고급),48600,48600,http://image.gmarket.co.kr/challenge/neo_image/no_image.gif,http://item2.gmarket.co.kr/Item/DetailView/Item.aspx?goodscode=832341581,0.0
194,168,삼성전자 8G PC4-19200 (정품)-SJ마켓,102110,102110,http://image.gmarket.co.kr/challenge/neo_image/no_image.gif,http://item2.gmarket.co.kr/Item/DetailView/Item.aspx?goodscode=1195225648,0.0
195,193,[깨끗한나라]30롤x2팩 순백순수화장지휴지각티슈키친타올두루마리,19900,19900,http://image.gmarket.co.kr/challenge/neo_image/no_image.gif,http://item2.gmarket.co.kr/Item/DetailView/Item.aspx?goodscode=627724498,0.0
196,37,[이니스프리]망설이면 품절 선크림/선스틱 1+1(13종 택1),14000,14000,http://image.gmarket.co.kr/challenge/neo_image/no_image.gif,http://item2.gmarket.co.kr/Item/DetailView/Item.aspx?goodscode=341787082,0.0
197,139,2018 최신판 세이펜 허니북1탄/2탄/송아리 선택구매,49500,49500,http://image.gmarket.co.kr/challenge/neo_image/no_image.gif,http://item2.gmarket.co.kr/Item/DetailView/Item.aspx?goodscode=874009791,0.0
198,134,(혜택가 26400원) 우등생해법 2018년 1학기 세트 (학년별 선택구매),44000,44000,http://image.gmarket.co.kr/challenge/neo_image/no_image.gif,http://item2.gmarket.co.kr/Item/DetailView/Item.aspx?goodscode=741452663,0.0
199,126,김성규 - 정규 1집 (10 Stories) 일반판 (포토카드+스페셜엽서),21500,21500,http://image.gmarket.co.kr/challenge/neo_image/no_image.gif,http://item2.gmarket.co.kr/Item/DetailView/Item.aspx?goodscode=1272418496,0.0
